,Наименование ДП,Нематериальные активы,Основные средства,Внеоборотные активы,Дебиторская задолженность,Оборотные активы,Уставный капитал,Капитал и резервы,Заёмные средства (долгосрочные),Долгосрочные обязательства,Заёмные средства (краткосрочные),Кредиторская задолженность,Краткосрочные обязательства,Выручка,Себестоимость продаж,Прибыль (убыток) до налогообложения,Прибыль (убыток) от продажи
0,0,2332484.076433121,4292051592.356688,4379873885.350318,4977054777.070064,6170107006.369427,629400000.0,6881321019.10828,0.0,217473885.3503185,0.0,3333519745.22293,3451185987.261147,27947875159.23567,20583174522.29299,5586340764.33121,5971943312.101911
1,2,18444585.98726115,1063706369.426751,1301417834.394904,371442038.2165605,753777707.0063694,19644585.98726115,1765123566.878981,0.0,5629299.363057325,0.0,173147770.7006369,284442675.1592357,2583063057.324841,2519737579.617834,-113833121.0191083,-355471974.522293
2,4,347770.7006369426,32819191082.80255,125299465605.0955,18609931210.19108,24052113375.79618,595541.4012738853,37517386624.20382,88029357324.84076,90765895541.40128,14481910828.02548,6004639490.44586,21068296815.28662,96299566878.98088,32623360509.55414,141842082165.6051,57368819108.28025
3,5,22221019.10828025,42017635668.78981,42872390445.85987,23999804458.59872,25423777070.06369,1983439.49044586,57236184076.43312,975312738.8535032,3321966878.980892,1959623566.878981,5473999363.057324,7738016560.509554,62492997452.22929,16773621656.05095,42565363694.26752,42814828662.42038
4,6,391719.7452229299,12282856687.89809,20239364331.21019,11932768789.80892,32360966242.03822,2717197.452229299,8976491082.802547,33805408917.19745,34825424840.76433,448028025.477707,8018418471.33758,8798414649.681528,66286513375.79617,52908792356.6879,-565550955.4140127,8212564331.210191
5,7,0.0,24457961.78343949,69405732.48407643,29287898.08917197,103885350.3184713,111464.9681528662,146515286.6242038,0.0,1267515.923566879,636.9426751592356,23868152.86624204,25508280.25477707,267527388.5350318,258507006.3694267,-3733757.961783439,-1681528.662420382
6,8,0.0,451246496.8152866,453460509.5541401,127208280.2547771,388878343.9490446,170700.6369426752,520686624.2038217,193960509.5541401,205937579.6178344,27044585.98726115,78599363.05732484,115714649.6815287,1415543312.101911,1157609554.140127,145849681.5286624,196361783.4394904
7,9,7643.312101910828,13604458.59872611,27966242.03821656,54788535.03184713,80078343.94904459,87898.08917197451,43735668.78980891,0.0,233121.0191082802,0.0,63626114.64968152,64075796.17834394,142420382.1656051,159703184.7133758,-47857961.78343949,-51900000.0
8,12,0.0,49750955.41401274,50117834.39490446,316426114.6496815,580956687.8980892,720382.1656050956,186344585.9872611,117197452.2292994,117584713.3757962,0.0,327145222.9299363,327145222.9299363,531955414.0127388,515578343.9490446,3509554.140127388,16377070.06369427
9,13,0.0,199982802.5477707,5586046496.815287,739163057.3248408,2932430573.248407,170700.6369426752,2186973248.407643,0.0,0.0,0.0,5402819745.22293,6331503821.656051,2004486624.203822,1624494267.515924,162437579.6178344,114150318.4713376
10,14,65605.09554140127,219077070.0636943,219142675.1592357,204323566.8789809,596506369.4267516,396815.2866242038,403301910.8280255,63694267.51592357,63694267.51592357,51110191.08280255,262489808.9171974,348653503.1847134,796622929.9363056,593496815.2866242,17421656.05095541,18495541.40127388
11,17,95541.40127388536,113508280.2547771,114828662.4203822,313897452.2292994,866601910.8280255,7850318.471337579,292817197.4522293,192356687.8980892,192610191.0828025,0.0,486892993.6305732,496002547.7707006,1449078343.949044,1369619745.22293,19023566.87898089,31949681.52866242
12,19,0.0,169560509.5541401,180344585.9872611,172121019.1082802,1679815923.566879,59261146.49681529,1639331210.191083,0.0,12340764.33121019,0.0,199959872.6114649,208488535.0318471,1096045859.872612,933667515.9235668,38816560.50955414,26399363.05732484
13,20,0.0,69506369.42675158,71589171.9745223,63627388.53503185,377774522.2929936,10281528.66242038,401360509.5541401,0.0,8556050.955414012,0.0,31740127.38853503,39446496.81528662,491098089.1719745,384421656.0509554,22975159.23566879,30884713.37579618
14,21,584713.3757961784,120577070.0636943,123277707.0063694,235228025.477707,553989808.9171975,4408280.25477707,350938216.5605096,94018471.3375796,101966242.0382166,123989808.9171975,92821019.10828026,224363057.3248408,797847133.7579618,526808280.2547771,90661783.43949044,83267515.92356688
15,23,3305095.541401274,1591067515.923567,2635228025.477707,6770586624.203821,18393434394.90446,170904458.5987261,6446147770.700637,100977070.0636943,2080898089.171974,2394853503.184713,9821964968.152866,12501616560.50955,12014494904.4586,8524163057.324841,3134768789.808917,3278254777.070064
16,25,659872.6114649682,17153550318.47134,47143434394.90446,14214786624.20382,18507792356.6879,1133757.961783439,25234484076.43312,32109789808.91719,32619758598.72611,6969426.751592357,7117378343.949044,7796984076.433121,72189845222.92993,29150280891.71975,32992742675.15923,35081485987.26115
17,26,0.0,5645222.929936306,5645222.929936306,6623566.878980892,42572611.46496815,12738.85350318471,14221019.10828025,0.0,0.0,13371337.57961783,20625477.70700637,33996815.2866242,289947770.7006369,287578343.9490446,1689808.917197452,2369426.751592357
18,27,15923.56687898089,1951488535.031847,4809310191.082803,54188229936.30573,67069400636.94267,436273248.4076433,-6188092993.630573,8287259235.66879,20143924840.76433,6209554.140127388,56009321019.10828,57922878980.89172,12057194267.51592,17512372611.46497,-6248458598.726114,-5455178343.949044
19,28,892619108.2802547,122761926114.6497,238607668789.8089,50007874522.29299,124130731210.1911,3817342038.21656,162890673885.3503,97320643312.10191,104999898089.172,27972515923.56688,63901822292.99363,94847828025.4777,278394335031.8471,207557710828.0255,42743128025.47771,37857091719.74522
20,31,2370063.694267516,3903900000.0,12472236305.73248,563785350.3184713,914012738.8535032,144823566.8789809,988393630.5732484,3764366878.980892,3934354140.127388,0.0,8383695541.401274,8463501273.88535,4850821656.050955,2209019745.22293,1861971337.579618,2219624203.821656
21,32,16560.50955414013,103652866.2420382,103669426.7515924,102306369.4267516,240391719.7452229,94904.45859872612,199664968.1528662,25477707.00636943,25477707.00636943,80735668.78980891,38182802.5477707,118918471.3375796,422871974.522293,291028662.4203821,79032484.07643312,83334394.9044586
22,33,40764.33121019108,96082165.60509554,107110828.0254777,12841401.27388535,94310828.0254777,65605.09554140127,151512101.910828,0.0,4187898.089171974,0.0,40697452.22929936,45721019.10828026,341356050.955414,327632484.0764331,10463057.32484076,12201910.82802548
23,34,390445.8598726115,802666242.0382165,1048721019.10828,962521019.1082802,1874092993.630573,71337579.61783439,44081528.66242038,102034394.9044586,222507006.3694268,1098117197.452229,1386136305.732484,2656225477.707006,2184076433.121019,1734964331.210191,52375159.23566879,133966242.0382166
24,38,59226751.59235669,974338216.5605096,1097824203.821656,353721656.0509554,888752229.299363,1603184.713375796,810714012.7388535,628131210.1910828,799163694.2675159,0.0,371398089.1719745,376698726.1146497,2680025477.707006,1960884713.375796,386477070.0636942,520096178.343949
25,39,0.0,216505095.5414013,349500636.9426752,1450535031.847134,2423319108.280255,78343.94904458598,1750258598.726115,0.0,0.0,423935031.8471338,596636305.7324841,1022561146.496815,2840623566.878981,2173326114.649682,571409554.1401274,620297452.2292993
26,40,0.0,31529299.36305732,45340127.38853503,243456050.955414,650485987.2611464,6412101.910828025,598603821.6560509,0.0,0.0,0.0,97222292.99363056,97222292.99363056,384030573.2484076,372436305.732484,5953503.184713376,1989171.974522293
27,41,32484.07643312102,553196178.3439491,1593550318.471338,1520956687.898089,3339136305.732484,2547914649.681529,-1430649681.528662,898886624.2038217,1152212738.853503,2637908917.197452,1877519745.22293,5211123566.878981,2434793630.573248,2381042038.21656,-1648094904.458599,-220125477.7070064
28,44,0.0,53098089.17197452,53098089.17197452,29677070.06369426,126671974.522293,21719745.22292994,126456050.955414,10227388.53503185,10227388.53503185,0.0,43086624.20382165,43086624.20382165,276760509.5541401,212753503.1847134,33680891.71974522,39089808.91719745
29,45,544955414.0127388,92001080891.71974,105065535031.8471,4545440764.33121,7711578980.89172,91842675.15923569,81088537579.61783,24453399363.05732,25780805732.48407,19417197.4522293,5352824203.821656,5907770700.636943,19336840764.33121,16634276433.12102,-1121638853.503185,1952582165.605095
30,49,0.0,1500299363.057325,3368264331.210191,3637580891.719745,8876002547.7707,55203821.65605095,4913631210.191083,955414012.7388536,1161289808.917197,2038216560.509554,3845435668.789809,6169345859.872611,14048886624.20382,12431117834.3949,575802547.7707006,896926114.6496814
31,54,1910.828025477707,2047641401.273885,2594771337.579618,17614961146.49681,58328301910.82803,271337.5796178344,154634394.9044586,9521514649.681528,34480584076.43312,2376670063.694267,23450630573.24841,26287854777.07006,7190243312.101911,7976978343.949044,-1335473885.350318,-786735031.8471338
32,55,0.0,2717197.452229299,2717197.452229299,3279617.834394904,39861146.49681529,318471.3375796178,22668789.8089172,0.0,0.0,11063694.26751592,8845859.872611465,19909554.14012739,133622929.9363057,118371974.522293,2002547.770700637,3082802.5477707
33,56,0.0,87363057.32484075,258031210.1910828,143789808.9171974,246076433.1210191,6369426.751592357,411092356.6878981,22835031.84713376,29572611.46496815,0.0,58135668.78980891,63442675.15923566,758466878.9808917,611555414.0127388,71204458.59872611,69147770.70063694
34,57,0.0,0.0,0.0,0.0,0.0,0.0,0.0,0.0,0.0,0.0,0.0,0.0,0.0,0.0,0.0,0.0
35,58,0.0,97452.22929936304,97452.22929936304,761146.4968152866,852229.2993630572,0.0,-347770.7006369426,0.0,0.0,1142675.159235669,154140.127388535,1296815.286624204,7512101.910828025,7491082.802547771,2547.770700636942,21019.10828025478
36,59,8280.254777070064,75617834.39490445,75775159.2356688,131224840.7643312,502712738.8535032,4837579.617834395,430883439.4904459,0.0,2326114.649681529,3271337.579617834,142007006.3694268,145278343.9490446,1799035668.789809,1612414649.681529,33344585.98726115,40529299.36305732
37,60,0.0,0.0,0.0,0.0,0.0,0.0,0.0,0.0,0.0,0.0,0.0,0.0,0.0,0.0,0.0,0.0
38,64,0.0,23099363.05732484,27147770.70063694,74028025.477707,314974522.2929936,2547.770700636942,25244585.98726115,16445222.9299363,16445859.87261146,182377707.0063694,118054140.1273885,300431847.1337579,1107649044.585987,982770700.6369426,8672611.464968152,23975796.17834395
39,65,22303821.65605095,14016085987.26115,22840665605.09554,31271212738.8535,130555154140.1274,10110287261.1465,19518938853.50319,8044543949.044585,94624729936.30573,274136305.732484,37781052229.29936,39252150955.41401,30753617834.39491,29572896815.28662,897615286.6242038,1134268789.808917
40,67,0.0,0.0,0.0,0.0,0.0,0.0,0.0,0.0,0.0,0.0,0.0,0.0,0.0,0.0,0.0,0.0
41,69,0.0,0.0,754140.127388535,18217197.4522293,153921019.1082802,19108280.25477707,150985350.3184713,0.0,335668.7898089172,0.0,3354140.127388535,3354140.127388535,0.0,0.0,1879617.834394904,-130573.2484076433
42,70,929299.3630573248,1319600636.942675,3410007006.369427,7322495541.401274,19642017834.39491,7198089.171974522,8850987898.089172,0.0,180524840.7643312,0.0,14017029299.36306,14020512101.91083,27783429936.30573,27388084076.43312,373351592.3566879,395345859.8726115
43,71,12331210.1910828,645054140.1273885,792440764.3312101,1621087898.089172,5495801910.828025,259677707.0063694,1905343949.044586,0.0,58836942.67515923,135668.7898089172,4248053503.184713,4324061783.43949,37709425477.70701,35745521019.10828,622598726.1146497,146846496.8152866
44,74,189171.974522293,155960509.5541401,156291082.8025478,39814012.7388535,299675796.178344,4084076.433121019,286057961.7834395,81938216.56050955,82847133.75796178,0.0,87061783.43949044,87061783.43949044,552033757.9617834,541265605.0955414,16765605.0955414,-3922929.936305732
45,75,33394267.51592357,794530573.2484076,2105642038.21656,3157840764.33121,6665810191.082802,31847133.75796178,6437236305.732484,0.0,47620382.16560509,87426114.64968152,2154366878.980892,2286595541.401274,12844764331.21019,7955847133.757961,1955159872.611465,2083988535.031847
46,76,5891719.74522293,767941401.2738854,861864331.210191,725339490.4458598,1655685350.318471,6369.426751592357,2081369426.751592,13720382.16560509,51450955.41401274,53212738.85350318,331516560.5095541,384729299.3630573,2606301910.828025,2042841401.273885,216080254.77707,196101910.8280255
47,77,12712738.85350318,4674243949.044586,5505369426.751592,1231195541.401274,3225807643.312102,257452229.299363,6647242038.21656,0.0,269223566.8789809,357503821.6560509,1386857961.783439,1814711464.968153,8348484713.375796,7341681528.66242,1806059235.66879,182889808.9171974
48,78,55414.0127388535,323843312.1019108,451061783.4394904,1380696815.286624,2099936942.675159,185414012.7388535,-78309554.14012739,664949681.5286624,673180254.77707,113414012.7388535,1823980891.719745,1956128662.420382,3798126114.649682,3650033757.961783,-412264968.1528662,107771974.522293
49,81,0.0,80636305.73248407,81253503.18471338,48238216.56050956,172145859.8726115,19108.28025477707,178887898.089172,9852229.299363056,19145859.87261146,0.0,48819108.28025477,55365605.0955414,398622929.9363057,368507643.3121019,838216.5605095541,-1985350.318471337
50,82,0.0,28117197.4522293,28117197.4522293,6755414.012738854,108459872.611465,1592356.687898089,25631847.13375796,66572611.46496815,66572611.46496815,6391719.74522293,35926114.64968153,44372611.46496815,198168789.8089172,163035031.8471338,1198726.114649681,6305095.541401274
51,84,9972931210.191082,251972208280.2548,505149529299.363,179103386624.2038,443546825477.707,100792993.6305732,294264335031.8471,452577585350.3185,477142501910.828,103154243312.1019,55732207006.36942,177289517834.3949,588475978980.8917,192333148407.6433,243907282802.5478,364344087261.1465
52,89,170657961.7834395,79273248.4076433,1403742038.21656,2203322292.99363,2708520382.165605,12738.85350318471,1342388535.031847,0.0,592391082.8025477,1100570063.694268,963391082.8025476,2177482802.547771,4169541401.273885,3352617197.452229,193833121.0191083,290168789.8089172
53,90,0.0,585350.3184713376,1098089.171974522,166341401.2738853,455129936.3057325,12738.85350318471,60182165.60509554,0.0,9554.140127388537,0.0,395468152.8662421,396036305.732484,1089211464.968153,1061561783.43949,1252229.299363057,2711464.968152866
54,92,0.0,512356050.955414,660643949.044586,420786624.2038217,2449647770.700637,894132484.0764331,1810118471.337579,0.0,61973248.40764331,0.0,1093813375.796178,1238200000.0,4659508280.254777,3216346496.815287,570171337.5796179,542222292.9936305
55,95,0.0,14812738.85350318,14812738.85350318,23399363.05732484,89723566.87898089,63694.26751592357,26152866.24203822,40605095.54140127,40605095.54140127,6359872.611464968,31418471.33757962,37778343.94904459,237800000.0,193897452.2292994,4146496.815286624,15166878.98089172
56,96,0.0,23085350.31847133,23137579.61783439,41038853.50318471,100915286.6242038,9554.140127388537,44258598.72611465,0.0,47770.70063694267,34267515.92356688,45478980.89171974,79746496.81528662,147193630.5732484,127934394.9044586,1876433.121019108,-2607006.369426752
57,98,0.0,213162420.3821656,213162420.3821656,87237579.61783439,585791082.8025477,15445859.87261146,743132484.0764331,0.0,0.0,0.0,55821019.10828025,55821019.10828025,812937579.6178343,714591082.8025477,28153503.18471337,9594267.515923567
58,101,0.0,6531210.191082803,7088535.031847133,112608917.1974522,420654140.1273885,22929.93630573248,15119108.28025478,0.0,0.0,120988535.0318471,289539490.4458598,412623566.8789809,519308280.2547771,492756687.8980892,2198089.171974522,26551592.3566879
59,103,49296815.2866242,1790538216.560509,4308156050.955414,13596388535.03185,18937529299.36306,259872611.4649681,476662420.3821656,0.0,110447770.7006369,5419258598.726114,16361087898.08917,22658575159.23567,8603907643.312101,8005971974.522293,-308782165.6050955,-137410191.0828025
60,104,7643.312101910828,578578343.9490446,833802547.7707006,45022292.99363057,385478343.9490446,640127.3885350318,763164968.1528662,0.0,26963057.32484076,143912101.910828,274047770.7006369,429152866.2420382,1288728025.477707,1111978980.89172,10094267.51592357,65680254.77707006
61,107,0.0,9671337.579617834,10168789.8089172,262003821.656051,965887261.1464968,955414.0127388536,457161146.4968153,0.0,21019.10828025478,0.0,517150318.4713376,518873885.3503184,1348367515.923567,1033152229.299363,115247133.7579618,115971974.522293
62,108,0.0,2064968.152866242,2064968.152866242,65245222.9299363,374722292.9936306,6369.426751592357,89632484.07643312,0.0,31847.13375796178,95756687.89808916,191366242.0382166,287122929.9363057,1101724840.764331,1018782165.605096,23477707.00636943,38606369.42675159
63,110,0.0,2074008280.254777,3504926751.592357,2397833121.019108,5760233757.961783,35031847.13375796,3574863057.324841,2611464968.152866,2741088535.031847,5383439.49044586,2378108917.197452,2949208917.197452,7865650955.414012,6284899363.057324,-476126751.5923567,28009554.14012739
64,111,43949.04458598726,2928662.420382165,11322929.93630573,75078980.89171974,515777707.0063694,6369426.751592357,291656687.8980892,22292993.63057325,27271337.57961783,0.0,202401910.8280255,208172611.4649681,608391719.7452229,557095541.4012738,47588535.03184713,51296178.34394904
65,112,0.0,10838853.50318471,10838853.50318471,35747133.75796178,143454140.1273885,6369.426751592357,108690445.8598726,0.0,0.0,0.0,45602547.77070063,45602547.77070063,374724203.821656,317535668.7898089,37528025.47770701,36260509.55414013
66,114,1257961.78343949,2322983439.490446,2646149044.585987,5347175796.178344,8637239490.44586,755749681.5286624,5297530573.248407,2293039490.44586,2648203821.656051,1424121656.050955,1654585350.318471,3337653503.184713,9570299363.057323,6092034394.904458,2800866242.038217,2562954777.070064
67,116,1112101.910828026,964231210.1910828,2038078980.89172,3523949681.528662,12281326114.64968,573885.3503184713,9940790445.859873,0.0,0.0,1020844585.987261,3298364331.210191,4378614649.681528,49847101273.88535,43730764968.15286,3180468789.808917,2994350955.414012
68,120,0.0,64595541.40127388,64722929.93630573,200678343.9490446,401177707.0063694,6369.426751592357,205870700.6369427,0.0,0.0,57415923.56687898,202613375.7961783,260029936.3057325,914894904.4585989,703744585.9872612,108229299.3630573,97355414.01273884
69,121,1350318.47133758,77515923.56687897,116943312.1019108,76831847.13375796,165892356.6878981,19108.28025477707,85671974.52229299,22331210.1910828,39031210.1910828,32211464.96815287,110224203.821656,158132484.0764331,645852229.299363,504675159.2356688,7421019.108280255,20455414.01273885
70,122,0.0,14068789.8089172,15100636.94267516,63280891.71974522,153289808.9171974,6369.426751592357,88126114.64968152,0.0,0.0,15791082.80254777,64473248.40764331,80264331.21019109,372181528.6624204,297135668.7898089,12215286.62420382,29761783.43949044
71,124,1261917834.394904,34008038853.50319,701053071337.5796,19721286624.20382,62900486624.20382,87898.08917197451,455191071974.5223,152516203821.656,259646440764.3312,34351868152.86624,13677310828.02548,49116045222.92993,139792549681.5287,33500956687.89809,345669830573.2484,96369729299.36304
72,125,0.0,9663057.324840764,9663057.324840764,121203821.656051,212111464.9681529,636942.6751592356,52721019.10828026,28678980.89171974,28736942.67515923,3138216.560509554,131132484.0764331,140315923.566879,1259292993.630573,1059771974.522293,16561783.43949044,9807006.369426752
73,126,0.0,125487898.089172,320056687.8980892,5144041401.273885,8063359872.611465,59896815.2866242,985501910.8280256,0.0,58996178.34394904,1910828025.477707,4429954140.127388,7338918471.33758,5992326751.592357,6915942038.21656,-1292934394.904459,-1172994904.458599
74,127,2411464.968152866,963057.3248407644,3375159.23566879,27124840.76433121,166184076.433121,3191082.802547771,96810828.0254777,0.0,0.0,12655414.01273885,60092356.68789808,72747770.70063694,489315286.6242038,382864331.2101911,9350318.47133758,11405732.48407643
75,128,57324.84076433121,32114012.7388535,32999363.05732484,3900033757.961783,8966568152.866241,6439490.445859873,2537458598.726115,294904.4585987261,1364331.210191083,2338435031.847134,4085808917.197452,6460743949.044586,27381795541.40127,24416493630.57325,502970700.6369427,632281528.6624204
76,129,102224840.7643312,216666242.0382166,319660509.5541401,722182802.5477706,1822012738.853503,98053503.18471338,1333014012.738853,0.0,4609554.140127389,468256050.955414,317079617.8343949,804049681.5286624,2554445859.872612,1767638853.503185,481296815.2866242,460616560.5095541
77,131,465605.0955414012,25984076.43312102,61260509.55414013,255095541.4012739,762173885.3503184,676433.1210191082,222708280.2547771,208140764.3312102,208140764.3312102,188737579.6178344,184973248.4076433,392585350.3184713,2908698726.11465,2527538853.503185,24365605.0955414,92159235.6687898
78,133,1477724203.821656,59545442675.15923,89408790445.85986,30191735031.84713,34198374522.29299,2110375796.178344,73420993630.57324,20127388535.03185,31585384713.37579,7350678343.949044,10044656687.89809,18600786624.20382,47037179617.8344,59787365605.09554,-16786245222.92994,-14800148407.64331
79,134,181528.6624203822,36146496.81528662,186861146.4968153,107451592.3566879,336259872.611465,6369.426751592357,263670063.6942675,115312738.8535032,118316560.5095541,30563694.26751592,95473885.35031846,141135031.8471338,621077707.0063694,463508280.2547771,10743312.10191083,9544585.987261146
80,135,68152.86624203822,10989505732.48408,14175431847.13376,11454835031.84713,17148019108.28025,372312738.8535032,9099954140.127388,7738421656.050955,8034938216.56051,6259235668.789808,7588812101.910828,14188558598.72611,32669234394.90446,29845166878.98089,-401426114.6496815,845772611.4649681
81,136,0.0,7645222.929936306,7645222.929936306,28361146.49681529,80410828.0254777,2601273.885350318,35346496.81528662,25456050.95541401,25456050.95541401,0.0,27254140.12738853,27254140.12738853,303200000.0,281370063.6942675,907006.3694267516,3265605.095541401
82,137,66242.03821656051,18331236305.73248,18736303184.71338,725225477.7070063,2908216560.509554,12164968152.86624,13945354140.12739,2738853503.184713,3044784713.375796,2742235031.847134,1692476433.121019,4654380891.719745,7199012738.853503,5788817197.452229,-110840764.3312102,310578980.8917198
83,140,0.0,1077070.063694268,1097452.229299363,6428025.477707006,26272611.46496815,6369.426751592357,20538216.56050956,0.0,189171.974522293,0.0,6642675.159235668,6642675.159235668,52345859.87261146,43671337.57961784,3810191.082802548,3829936.305732484
84,141,0.0,22856050.95541401,22872611.46496815,316471337.5796178,658010191.0828025,668789.8089171974,115792993.6305732,117834394.9044586,118665605.0955414,29815286.62420382,415424840.7643312,446424203.821656,2806954777.070064,2684466242.038217,25753503.18471337,45919108.28025477
85,142,0.0,2016560.50955414,2016560.50955414,6147770.700636943,22276433.12101911,0.0,6376433.121019108,0.0,0.0,1261146.496815287,16655414.01273885,17916560.50955414,36978980.89171974,36424840.76433121,481528.6624203821,554140.1273885351
86,143,0.0,67038853.50318471,67049044.58598725,70754777.0700637,98458598.72611465,6369.426751592357,35522292.99363057,0.0,1378343.949044586,12915923.56687898,115691082.8025478,128607006.3694267,266587898.089172,262017197.4522293,14484076.43312102,3719108.280254777
87,144,0.0,6131210.191082803,6131210.191082803,70782802.5477707,71077707.00636943,6369.426751592357,2136305.732484076,0.0,5095.541401273885,9484076.433121018,65424203.82165605,75067515.92356688,341656050.955414,332524203.821656,647770.7006369426,1515923.566878981
88,145,0.0,0.0,0.0,21144585.98726115,63280891.71974522,6369.426751592357,15060509.55414013,26429299.36305732,26429299.36305732,503821.6560509554,21287898.08917197,21791082.80254777,262091719.7452229,234092356.6878981,5845859.872611465,9149044.58598726
89,146,0.0,50134394.9044586,50134394.9044586,43959235.6687898,50903821.65605095,6389808.917197452,45511464.96815287,16247133.75796178,16247133.75796178,18412738.85350318,20866878.98089172,39279617.8343949,224585350.3184713,202870063.6942675,13282802.5477707,13722929.93630573
90,148,5732.484076433121,98863057.32484075,101102547.7707006,262925477.7070064,684143312.1019108,6375796.178343949,697627388.5350318,636.9426751592356,1119745.222929936,0.0,80180891.71974522,86498726.11464968,1830329299.363057,1451461783.43949,234291719.7452229,213105095.5414013
91,149,0.0,57493630.57324841,58170063.69426751,115266878.9808917,348189171.9745223,6369.426751592357,318872611.4649681,0.0,66878.98089171974,0.0,74692993.63057324,87419745.22292994,877423566.8789809,675992356.687898,171721656.0509554,172602547.7707006
92,150,56687.89808917197,325605095.5414013,335363057.3248407,351218471.3375796,1963530573.248408,33019745.22292994,536492993.6305732,643312101.910828,643312101.910828,90533757.96178344,1025616560.509554,1119088535.031847,3809090445.859872,3525789171.974522,7835031.847133758,124405095.5414013
93,151,0.0,74037579.61783439,74239490.44585986,52650955.41401274,102215286.6242038,6369.426751592357,57101273.88535032,0.0,5321019.108280255,37733121.01910828,76247133.75796178,114032484.0764331,647661146.4968152,525979617.8343949,36566878.98089172,41949681.52866242
94,152,636.9426751592356,37704458.59872612,43866242.03821656,18810828.02547771,37444585.98726115,63694.26751592357,19605095.54140127,31775159.23566879,31780254.77707006,2154140.127388535,27771337.57961783,29925477.70700637,100021656.0509554,92385350.31847133,-11008917.19745223,-3257961.78343949
95,153,0.0,18138216.56050956,18182802.5477707,48819745.22292993,98834394.9044586,0.0,61507006.36942675,0.0,2531847.133757962,21603184.7133758,30261783.43949044,52978980.89171974,314956687.8980892,313468152.8662421,2135668.789808917,1488535.031847134
96,155,0.0,49405095.54140127,141108280.2547771,82964968.15286624,343337579.6178344,2165605.095541401,-567208917.1974522,781485987.2611464,781485987.2611464,39545859.87261146,228987261.1464968,270168789.8089172,301568789.8089172,271059235.6687898,-269382802.5477707,-14505095.54140127
97,156,0.0,144047133.7579618,509642038.2165605,517659235.6687898,1771928025.477707,6369426.751592357,1957470063.694268,0.0,6236942.675159235,0.0,307436305.732484,317863057.3248407,1799564331.210191,1067075796.178344,659195541.4012738,591014649.6815287
98,160,0.0,57015286.62420382,57015286.62420382,53481528.66242038,131147770.7006369,14012.73885350318,97574522.29299362,0.0,0.0,45287261.14649681,45197452.22929936,90588535.03184712,325535668.7898089,308474522.2929936,9692356.687898088,17061146.49681529
99,162,0.0,22007006.36942675,24004458.59872611,54526114.64968152,283220382.1656051,7006.369426751592,15394904.45859873,0.0,13321019.10828025,1420382.165605095,263954140.1273885,278508917.1974522,559326114.6496814,501271337.5796178,8123566.878980892,39877707.00636943
100,163,0.0,0.0,0.0,2326114.649681529,17001910.82802548,0.0,4055414.012738853,5871337.579617834,5871337.579617834,874522.2929936305,6201273.885350319,7075796.178343949,155776433.1210191,153470700.6369427,1515286.624203822,2305732.484076433
101,165,0.0,9621019.108280256,9623566.878980892,15819108.28025478,45782165.60509554,6369.426751592357,9742675.15923567,0.0,12738.85350318471,13257324.84076433,32333757.96178344,45650318.47133758,157347133.7579618,117872611.4649681,344585.9872611465,-2931210.191082803
102,166,470814012.7388535,333121.0191082802,471232484.0764331,903831847.133758,1828228025.477707,470821656.0509554,886603184.7133758,0.0,15286.62420382166,191082802.5477707,1221162420.382166,1412842038.21656,6853489171.974522,6376316560.509554,240262420.3821656,244094267.5159236
103,168,0.0,2254140.127388535,67756050.95541401,92592356.68789808,395283439.4904459,12738.85350318471,161278343.9490446,140908917.1974522,140908917.1974522,0.0,160851592.3566879,160851592.3566879,974611464.9681528,901366878.9808916,9110828.025477707,28042038.21656051
104,169,112112738.8535032,258017197.4522293,775074522.2929935,666125477.7070063,810291719.7452229,90010191.08280255,697445222.9299363,291082802.5477707,313064331.2101911,167054140.1273885,396687261.1464968,574856687.8980892,1226954777.070064,886149044.5859872,210822929.9363057,237974522.2929936
105,170,0.0,3511464.968152866,3511464.968152866,4832484.076433121,34565605.0955414,6369.426751592357,9781528.66242038,0.0,0.0,22631210.1910828,5664331.210191082,28295541.40127388,148376433.1210191,141590445.8598726,2759235.668789809,5322929.936305732
106,171,0.0,227410828.0254777,249435031.8471338,93058598.72611465,247940127.388535,77070.06369426752,358298089.1719745,0.0,39895541.40127388,0.0,86533757.96178344,99181528.66242038,780948407.6433121,687334394.9044585,84295541.40127388,85098726.11464968
107,172,0.0,1590445.859872611,1590445.859872611,37855414.01273885,66722292.99363057,6369.426751592357,1191082.802547771,36147770.70063694,36147770.70063694,7456687.898089171,23516560.50955414,30973885.35031847,205699363.0573248,197475159.2356688,661146.4968152866,4181528.662420382
108,173,368902547.7707006,2434070700.636942,2905445222.929936,3389873885.350318,7438244585.987261,346462420.3821656,3686563694.267516,1941382165.605095,1993541401.273885,0.0,4096894904.458599,4663584713.375796,18005266242.03822,16796975159.23567,243887898.089172,418512101.910828
109,176,0.0,12452229.29936306,99133121.01910828,80393630.5732484,153112101.910828,44598726.11464968,221326751.5923567,0.0,341401.2738853503,0.0,30200636.94267516,30577070.06369426,405014649.6815286,369524203.821656,3724840.76433121,4081528.662420382
110,177,0.0,32847133.75796178,33705095.54140127,97618471.3375796,273190445.8598726,6369.426751592357,80178980.89171974,0.0,0.0,4475159.23566879,205984076.433121,226716560.5095541,1756769426.751592,1441649681.528662,16126114.64968153,33868152.86624204
111,179,78343.94904458598,53663694.26751592,53842675.15923566,64371337.57961783,154853503.1847134,6369.426751592357,89456687.89808917,0.0,475796.178343949,80668789.8089172,36220382.16560509,118763057.3248408,396678343.9490446,314685350.3184713,46523566.87898089,58881528.66242038
112,183,0.0,116537579.6178344,118855414.0127389,279858598.7261146,1032780891.719745,63694.26751592357,159249681.5286624,113810828.0254777,123580891.7197452,5305095.541401274,857495541.4012738,868805732.4840764,1842688535.031847,1491937579.617834,79383439.49044585,188306369.4267516
113,184,615286.6242038216,35964968.15286624,38412101.91082802,23063694.26751592,131478980.8917197,3055414.012738853,25300000.0,63692356.68789808,70996815.28662421,0.0,71547770.70063694,73593630.5732484,945789808.9171976,801338853.5031847,6961146.496815287,21603821.65605095
114,185,13077070.06369427,163442675.1592357,1757205732.484076,481931210.1910828,902252866.242038,396496815.2866242,301654777.0700637,0.0,16560.50955414013,2070756687.898089,247537579.6178344,2357787261.146497,1016294267.515924,600940764.3312101,359343949.044586,157082165.6050955
115,186,0.0,617197.4522292993,617197.4522292993,289433121.0191083,418526751.5923567,129235668.7898089,358581528.6624204,0.0,0.0,636942.6751592356,52959235.6687898,60562420.3821656,2073554140.127388,1947448407.643312,46340127.38853503,35729936.30573248
116,187,0.0,0.0,0.0,16419108.28025478,31715923.56687898,13375.79617834395,9728025.477707006,0.0,0.0,4360509.554140127,17627388.53503185,21987898.08917197,117436942.6751592,107418471.3375796,3017834.394904458,3529299.363057325
117,189,0.0,7949044.585987261,7949044.585987261,93571337.57961784,116965605.0955414,6369.426751592357,7178343.949044586,0.0,5161146.496815287,21904458.59872611,90671337.57961784,112575159.2356688,753928662.4203821,691156050.9554139,1234394.904458599,6278343.949044586
118,190,0.0,37121019.10828026,37154777.0700637,14188535.03184713,52261783.43949044,6369.426751592357,30137579.61783439,43094904.45859873,43094904.45859873,559235.6687898089,15624840.76433121,16184076.43312102,188829936.3057325,156712101.910828,5260509.554140127,13768789.8089172
119,193,0.0,52356050.95541401,53750318.47133758,14641401.27388535,71673248.4076433,36624203.82165605,96156050.955414,0.0,2056050.955414013,0.0,26157324.84076433,27210828.02547771,268092993.6305732,208969426.7515923,39942038.21656051,39557324.84076433
120,195,0.0,993372512101.9108,1104722671337.58,41689994267.51592,77281323566.87898,229988535.0318471,-233551687898.0892,1237208884713.376,1266988063057.325,143173938853.5032,5022081528.66242,148567619745.2229,145322839490.4459,82500619745.22293,-282967444585.9872,61726412738.8535
121,196,4458.598726114649,14911464.96815287,22285350.31847133,34455414.01273885,124367515.9235669,6369426.751592357,-106265605.0955414,60943949.04458599,77605732.48407643,21554140.12738853,151985987.2611465,175312738.8535032,197810191.0828025,162905095.5414013,-18962420.3821656,3561146.496815287
122,198,0.0,23010191.08280255,23014012.7388535,74296815.28662421,219664331.2101911,955414.0127388536,195770700.6369427,0.0,1089171.974522293,1544585.987261147,44273885.35031847,45818471.33757962,764815923.5668789,693373885.3503184,22480891.71974522,27122292.99363057
123,200,487107643.3121019,96248508280.25478,173825933121.0191,5983200000.0,45952098726.11465,852684076.433121,190817998726.1147,5066896815.286624,10618288535.03185,21635668.78980892,17097491719.74522,18341744585.98726,87001649681.52866,47115835668.78981,35081402547.7707,25279693630.57325
124,201,21019.10828025478,49298089.17197452,50514649.68152866,149229936.3057325,259103184.7133758,3821656.050955414,42777707.00636943,0.0,0.0,82914012.7388535,163682165.6050955,266840127.388535,619817197.4522293,320289171.9745223,27080891.71974522,35726751.59235669
125,202,0.0,55272611.46496815,55333757.96178344,68600636.94267516,400415923.566879,8482165.605095541,87109554.14012739,0.0,7761783.439490446,0.0,360878343.9490446,360878343.9490446,535740764.3312102,508764331.2101911,5835031.847133758,14357961.78343949
126,203,0.0,2300000.0,2300000.0,1070063.694267516,14521656.05095541,0.0,3222929.936305732,12130573.24840764,12130573.24840764,766242.0382165605,701910.8280254777,1468152.866242038,20248407.6433121,18874522.29299363,1540127.388535032,1373885.350318471
127,204,52229.29936305733,5352549681.528663,6457042675.159235,6957445859.872611,11895702547.7707,557390445.8598726,376067515.9235669,0.0,3079870700.636942,5670835031.847134,8128080891.719745,14896807006.36943,24476842038.21656,22551628662.42038,-137415923.566879,-122822292.9936306
128,205,3396178.343949045,6194494267.515924,9216238853.503183,28847561146.49681,69403701910.82802,95541401.27388534,9542275159.235668,0.0,4262741401.273885,5237514012.738853,59312699363.05732,64814924203.82166,55301484713.37579,50659285350.31847,1864521019.10828,1513091719.745223
129,206,0.0,50677070.06369427,50715923.56687898,31676433.12101911,50198089.17197452,0.0,10078980.89171975,47626114.64968152,47626114.64968152,7006.369426751592,43201910.82802548,43208917.19745222,219179617.8343949,205011464.9681529,3002547.770700637,14168152.86624204
130,207,0.0,5158598.726114649,5158598.726114649,13078980.89171975,16303184.7133758,6369.426751592357,9719745.222929936,0.0,0.0,318471.3375796178,11422929.93630573,11741401.27388535,86177707.00636943,79570063.69426751,3373248.407643312,2803821.656050955
131,208,0.0,1200000.0,1200000.0,7605732.484076433,30437579.61783439,0.0,12387898.08917197,0.0,0.0,4492356.687898089,14756687.89808917,19249044.58598726,163378343.9490446,155400000.0,5026751.592356687,7978343.949044585
132,209,0.0,1331210.191082803,1331210.191082803,16424203.82165605,30966242.03821656,6369.426751592357,2687898.089171974,7960509.554140127,8682802.5477707,0.0,20926751.59235669,20926751.59235669,159933757.9617834,148517197.4522293,752229.2993630572,1112101.910828026
133,210,0.0,621123566.8789809,621123566.8789809,14263564331.21019,41775725477.70701,6369426.751592357,1815929299.363057,6753702547.7707,6753702547.7707,0.0,33716140127.38853,33827217834.3949,33444498726.11465,31704720382.1656,49581528.66242038,186064968.1528662
134,211,2321656.050955414,1796640764.33121,2037166878.980892,1188167515.923567,3601961146.496815,159235668.7898089,3632933121.019108,159235668.7898089,373669426.7515923,1046496.815286624,1601354140.127388,1632525477.707006,6728329299.363057,4879292993.630573,1288686624.203822,1303487898.089172
135,213,291082.8025477707,172317197.4522293,204514012.7388535,57491082.80254777,302052229.299363,19108.28025477707,229154140.1273885,0.0,34377070.06369427,20862420.3821656,215105732.4840764,243035031.8471338,2322869426.751592,2069026751.592357,127919745.2229299,141346496.8152866
136,214,0.0,7430573.248407643,7430573.248407643,13914649.68152866,40550955.41401274,7643.312101910828,1053503.184713376,0.0,0.0,9554140.127388537,6252229.299363057,46928025.47770701,231033121.0191083,230497452.2292994,1045859.872611465,535668.7898089172
137,215,0.0,81540127.38853502,81540127.38853502,20026751.59235669,76245222.9299363,12738.85350318471,42700000.0,17628025.47770701,30297452.22929936,43250955.41401274,41538216.56050956,84788535.03184713,336708280.2547771,304902547.7707006,7712101.910828025,19645222.9299363
138,216,0.0,1592993.630573248,1592993.630573248,40780254.77707006,71380891.71974522,0.0,3696178.343949045,4872611.464968152,4872611.464968152,77707.00636942674,64327388.53503185,64405095.54140127,82219745.22292994,80498089.17197452,1189171.974522293,1721656.050955414
139,218,0.0,19300000.0,19300000.0,10077070.06369427,136904458.5987261,6369.426751592357,1669426.751592357,50971974.52229299,54429936.30573248,0.0,100105095.5414013,100105095.5414013,205672611.4649681,179403821.656051,1044585.987261146,6425477.707006369
140,219,0.0,1710828.025477707,1710828.025477707,11161146.49681529,17920382.16560509,0.0,16380254.77707006,0.0,0.0,0.0,3250955.414012739,3250955.414012739,46783439.49044586,45777070.06369427,907643.3121019108,1006369.426751592
141,221,0.0,1747770.700636943,1747770.700636943,4131210.191082803,13821656.05095541,0.0,8343949.044585987,0.0,0.0,0.0,7225477.707006369,7225477.707006369,69996815.28662421,69982165.60509554,1172611.464968153,14649.68152866242
142,222,636.9426751592356,388815286.6242038,390400000.0,68736942.67515923,595612738.8535031,12738.85350318471,437419745.2229299,181795541.4012739,184110828.0254777,125314012.7388535,231375159.2356688,364482165.6050955,834912738.8535031,689415923.5668789,46231847.13375796,51098726.11464968
143,223,0.0,264968.152866242,264968.152866242,779744585.987261,895492356.687898,636942.6751592356,48115923.56687898,221331210.1910828,221341401.2738853,0.0,624275159.2356688,626300000.0,2649006369.426752,2508133757.961783,42873248.40764331,67566878.98089172
144,225,0.0,50287261.14649681,50287261.14649681,20288535.03184713,52736305.73248407,6369.426751592357,16880891.71974522,6354140.127388535,6354140.127388535,1741401.27388535,77441401.27388535,79787898.08917198,356029936.3057325,346988535.0318471,7276433.121019108,9041401.27388535
145,226,0.0,21842675.15923567,21842675.15923567,11071974.52229299,46805095.54140127,7006.369426751592,9243312.101910828,31261146.49681529,36894267.51592357,1209554.140127389,21300636.94267516,22510191.08280255,62940127.38853503,47157324.84076433,259872.6114649682,2791719.74522293
146,227,0.0,63215923.56687898,63624840.76433121,29657961.78343949,94542675.15923569,12738.85350318471,63710191.08280254,0.0,7997452.229299363,12136942.67515923,72739490.44585986,86459872.61146496,228572611.4649681,170387898.089172,7908917.197452229,15106369.42675159
147,229,0.0,65808280.25477707,65808280.25477707,24770063.69426752,86577070.06369427,15923.56687898089,26795541.40127388,37053503.18471337,58980254.77707006,11054140.12738854,55555414.01273885,66609554.14012738,326273248.4076433,300757961.7834395,8807006.369426752,18058598.72611465
148,230,0.0,241766242.0382166,242117834.3949044,124685350.3184713,476056050.955414,19108.28025477707,281129299.3630573,40837579.6178344,46254777.0700637,4697452.229299363,386092356.6878981,390789808.9171975,1173016560.509554,906600000.0,107649681.5286624,110522292.9936306
149,231,0.0,19769426.75159236,19769426.75159236,193661146.4968153,566861783.4394904,6369.426751592357,26484713.37579618,0.0,0.0,37012101.91082802,523134394.9044586,560146496.8152866,2016273885.350318,1792397452.229299,13547133.75796178,17779617.8343949
150,233,2547133.757961784,7834826751.592357,9636321019.10828,26632177070.06369,35949963694.26752,757433121.0191083,8628447133.757961,1367558598.726115,1738331847.133758,89039490.44585986,34637045222.92993,35219505732.48408,15870219745.22293,12092629936.30573,4203843312.101911,2913238853.503185
151,235,1008917.197452229,379606369.4267516,383442675.1592357,418308280.2547771,1069819108.280255,6369.426751592357,611177070.0636942,324097452.2292994,324661146.4968153,343145222.9299363,173756687.8980892,517423566.8789809,1655975159.235669,1122335031.847134,132455414.0127389,252868152.866242
152,238,0.0,0.0,0.0,343138216.5605096,395158598.7261146,127388.5350318471,55270063.69426751,94267.51592356688,94267.51592356688,164296815.2866242,175286624.2038217,339794267.5159236,1835680254.77707,1826356050.955414,1930573.248407643,3378980.891719745
153,239,0.0,0.0,0.0,22601910.82802548,37920382.16560509,0.0,8967515.923566878,0.0,0.0,4364968.152866242,24587261.14649681,28952229.29936305,136226114.6496815,128805732.4840764,4290445.859872611,7420382.165605095
154,240,0.0,134394.9044585987,134394.9044585987,3377707.006369427,6142038.216560509,0.0,57961.78343949044,700636.9426751592,700636.9426751592,460509.5541401274,5057324.840764331,5517834.394904458,49684713.37579618,50859872.61146497,-1480254.777070064,-1175159.23566879
155,244,0.0,4005732.484076433,4005732.484076433,18826751.59235669,19436942.67515923,0.0,7884713.375796178,0.0,708280.25477707,2671337.579617834,12178343.94904459,14849681.52866242,90887898.08917198,87834394.9044586,2361146.496815287,3053503.184713376
156,246,0.0,7726751.592356687,9319108.280254778,1145859.872611465,26749681.52866242,15923.56687898089,28836942.67515923,0.0,0.0,0.0,7231847.133757962,7231847.133757962,239099363.0573248,167149681.5286624,5150318.471337579,5274522.29299363
157,247,7292993.630573248,60545682802.54777,66565897452.22929,11261068152.86624,11736476433.12102,295652866.2420382,1940023566.878981,28973800636.94267,39138048407.64331,28973126751.59235,3346826114.649682,37224301910.82803,26449276433.12102,18811981528.66242,1908764968.152866,6956476433.121018
158,248,0.0,132484.076433121,132484.076433121,79599363.05732484,86022929.93630573,0.0,20560509.55414013,19704458.59872611,19704458.59872611,44585.9872611465,45434394.9044586,45890445.85987261,394887261.1464968,388998726.1146497,3454777.070063694,5888535.031847133
159,249,29299.36305732484,98383439.49044584,98753503.18471338,624278980.8917197,1568484713.375796,6369.426751592357,710151592.3566879,254777070.0636943,257998726.1146497,149256687.8980892,549831210.1910828,699087898.089172,993410191.0828024,510364968.1528662,767717834.3949044,354315923.566879
160,251,7006.369426751592,65838853.50318471,82151592.35668789,62733121.01910828,68980891.71974522,6369.426751592357,80573248.4076433,13057324.84076433,29150955.41401274,12889171.97452229,28208917.19745223,41408280.25477707,401175159.2356688,385255414.0127388,12122929.93630573,12398726.11464968
161,253,0.0,3038853.503184713,3038853.503184713,18330573.24840764,25883439.49044586,6369.426751592357,-6129299.363057325,0.0,0.0,11875796.17834395,23175796.17834395,35051592.3566879,29275796.17834395,24661783.43949044,-6135668.789808917,-2806369.426751592
162,255,0.0,6080891.719745222,6080891.719745222,58413375.79617834,110596815.2866242,7006.369426751592,3420382.165605095,52482802.5477707,52482802.5477707,26787898.08917197,33986624.20382165,60774522.29299363,412592356.6878981,388749681.5286624,567515.923566879,4900636.942675159
163,257,0.0,28425477.70700637,28425477.70700637,2298726.114649681,12284076.43312102,0.0,11438853.50318471,12111464.96815287,12214012.7388535,3562420.382165605,13494904.45859873,17057324.84076433,142826114.6496815,138944585.9872611,5136305.732484076,3881528.662420382
164,260,60028662.42038216,1073985350.318471,1180805095.541401,4955627388.535031,13370997452.2293,6369.426751592357,1925389171.974522,0.0,65708917.19745222,0.0,11788110828.02548,12560704458.59873,46748894904.4586,43344226751.59235,1969478343.949044,2297568152.866242
165,261,0.0,2847133.757961784,2847133.757961784,9524203.82165605,33177070.06369426,0.0,2386624.203821656,4275159.23566879,5097452.229299363,4550318.471337579,23989808.91719745,28540127.38853503,65495541.40127388,65325477.70700637,1574522.292993631,170063.6942675159
166,263,0.0,123566.8789808917,2385350.318471338,218241401.2738853,310052866.2420382,63694.26751592357,247353503.1847134,0.0,17197.45222929936,8280.254777070064,63824203.82165605,65066878.98089172,843753503.1847134,718718471.3375796,108546496.8152866,107366878.9808917
167,264,0.0,1180254.777070064,1253503.184713376,8955414.012738854,27878980.89171974,0.0,8801910.828025477,0.0,120382.1656050955,3526114.649681529,16684076.43312102,20210191.08280255,128758598.7261146,123898089.1719745,3510828.025477707,4860509.554140127
168,265,0.0,2985350.318471338,2985350.318471338,34925477.70700637,74466242.03821656,12738.85350318471,9977070.063694268,0.0,0.0,18543312.10191083,48931210.1910828,67474522.29299363,240449681.5286624,229695541.4012739,1502547.770700637,1568789.808917197
169,266,23657961.78343949,98942038.21656051,153689171.9745223,84944585.98726115,290008280.2547771,6369.426751592357,25970063.69426752,70000000.0,75190445.85987261,241854140.1273885,82975159.2356688,342536942.6751592,469438216.5605096,318898726.1146497,13066878.98089172,60316560.50955414
170,267,0.0,26082165.60509554,27566242.03821656,71010191.08280255,136875796.178344,6369.426751592357,78462420.3821656,10054140.12738854,14687261.14649682,414649.6815286624,68279617.8343949,71292356.68789808,268075159.2356688,228278980.8917197,19722929.93630573,20243949.04458599
171,268,0.0,0.0,0.0,56183439.49044586,64912738.85350318,6369.426751592357,12548407.6433121,0.0,0.0,0.0,52364331.21019108,52364331.21019108,326998726.1146497,319104458.5987261,1909554.140127389,1328025.477707006
172,270,24840.76433121019,73034394.9044586,73192993.63057324,106907643.3121019,145210828.0254777,7643.312101910828,25377707.00636943,0.0,48562420.3821656,15068152.86624204,128684076.433121,144464331.2101911,588551592.3566879,557149681.5286624,16672611.46496815,5121019.108280255
173,271,0.0,11038853.50318471,11062420.38216561,8041401.27388535,42100000.0,0.0,23341401.27388535,9533757.96178344,14773248.40764331,4549681.52866242,10264331.21019108,15048407.6433121,248894904.4585987,246630573.2484076,1098089.171974522,2264331.210191083
174,273,0.0,2867515.923566879,2867515.923566879,36708280.25477707,94067515.92356688,0.0,77384713.37579617,0.0,0.0,0.0,19550318.47133758,19550318.47133758,222036305.7324841,209492993.6305732,11621656.05095541,12543312.10191083
175,274,0.0,39335031.84713376,40619108.28025477,155357961.7834395,235106369.4267516,63694.26751592357,154601273.8853503,16671974.52229299,23915286.62420382,0.0,97210191.08280256,97210191.08280256,541721656.0509554,334419108.2802548,69203184.71337579,80943949.04458599
176,275,0.0,0.0,0.0,9681528.66242038,16669426.75159236,0.0,9937579.617834397,0.0,0.0,4458.598726114649,6726751.592356687,6731210.191082803,211017834.3949045,207124203.821656,2256050.955414013,3893630.573248407
177,276,0.0,6498726.114649681,7252866.242038216,20384713.37579618,104206369.4267516,63694.26751592357,7537579.617834395,2570063.694267516,3947770.700636942,5312101.910828025,94297452.22929937,99973885.35031846,154524203.821656,139912101.910828,2126114.649681529,9060509.554140126
178,277,0.0,119001273.8853503,121144585.9872611,222343312.1019108,757310191.0828025,32077070.06369426,81335668.78980891,213065605.0955414,213143949.044586,290521019.1082802,291815923.566879,583975159.2356688,1869728662.420382,1812550955.414013,28508917.19745223,53328025.47770701
179,279,0.0,6852229.299363057,6852229.299363057,15498089.17197452,49044585.98726115,6369.426751592357,21631847.13375796,426114.6496815286,426114.6496815286,2746496.815286624,31092356.68789809,33838853.50318471,200441401.2738853,170529936.3057325,9606369.426751591,10880891.71974522
180,280,0.0,128662.4203821656,224840.7643312102,370601910.8280255,406260509.5541401,133757.9617834395,18975159.23566879,0.0,20382.16560509554,94103821.65605097,292903184.7133758,387489808.9171975,1303559235.66879,1247575159.235669,12349044.58598726,24382802.5477707
181,281,0.0,35031.84713375796,50955.41401273885,14029936.30573248,88149044.58598725,636942.6751592356,51320382.16560509,0.0,1273.885350318471,12738853.50318471,24139490.44585987,36878343.94904459,245089171.9745223,232779617.8343949,2008280.25477707,2847133.757961784
182,282,0.0,0.0,0.0,1054777.070063694,1890445.859872611,0.0,771974.5222929936,0.0,0.0,78980.89171974522,1039490.445859873,1118471.337579618,111679617.8343949,111509554.1401274,126751.5923566879,170063.6942675159
183,283,0.0,1200000.0,1251592.356687898,17981528.66242038,61974522.29299363,0.0,5763057.324840765,0.0,0.0,17684713.37579618,39778343.94904459,57463057.32484076,256948407.6433121,252722929.9363057,2837579.617834395,4225477.70700637
184,284,1445283439.490446,136596224840.7643,142238481528.6624,19585238853.50319,20505132484.07643,73003184.71337579,73051401273.88535,54345993630.57325,65549995541.40127,10867842038.21656,12650316560.50955,24142217197.45223,62135373885.35032,30377015923.56688,27037424203.82166,29677238853.50319
185,285,193291082.8025478,58970063.69426751,253162420.3821656,35133757.96178344,422410191.0828025,382165.6050955414,265684713.3757962,161347133.7579618,161347133.7579618,0.0,248541401.2738853,248541401.2738853,859509554.1401273,784885350.3184713,57105095.54140127,74624203.82165605
186,286,0.0,7205095.541401274,22122929.93630573,335031.847133758,7992993.630573248,636942.6751592356,9503821.656050956,0.0,0.0,0.0,20612101.91082802,20612101.91082802,67681528.66242038,48159872.61146497,4765605.095541401,10248407.6433121
187,287,311660509.5541401,206051044585.9872,208421728025.4777,42640033757.96178,80260461146.49681,72961783.43949044,159814247133.758,46170528662.42038,89683528662.42038,21435624203.82166,16266636305.73248,39184413375.79617,108163571974.5223,61252617197.45222,36681474522.29299,34878360509.55414
188,288,0.0,11524203.82165605,11572611.46496815,11026751.59235669,23078980.89171974,0.0,1412738.853503185,3503184.713375796,10868789.8089172,2757961.78343949,19611464.96815287,22369426.75159236,132979617.8343949,133157961.7834395,190445.8598726114,-178343.949044586
189,290,0.0,0.0,0.0,24959872.61146497,111688535.0318471,12738.85350318471,32374522.29299363,0.0,0.0,25480891.71974522,53833757.96178344,79314649.68152866,597095541.4012738,545271974.522293,15667515.92356688,16084713.37579618
190,291,0.0,12799363.05732484,12799363.05732484,104463694.2675159,162263057.3248408,6369.426751592357,12398726.11464968,15170700.63694268,20566242.03821656,87940764.33121018,54156687.89808917,142097452.2292994,382684076.433121,386957324.8407643,3964331.210191083,-4273248.407643312
191,292,0.0,1904458.598726114,1904458.598726114,3699363.057324841,13190445.85987261,63694.26751592357,2660509.554140127,0.0,0.0,173885.3503184713,12260509.55414013,12434394.9044586,90350318.47133756,54392993.63057324,689808.9171974522,1379617.834394904
192,296,0.0,84942675.15923567,85307643.3121019,292547133.7579618,512108917.1974522,6369.426751592357,110031847.133758,15905095.54140127,15905095.54140127,201967515.9235669,269511464.9681529,471478980.8917197,1181797452.229299,998375796.178344,46854140.12738853,91238853.5031847
193,298,0.0,8807006.369426752,8807006.369426752,13802547.77070064,23250318.47133758,0.0,4806369.426751592,6385987.261146497,11730573.24840764,636.9426751592356,15520382.16560509,15521019.10828025,304339490.4458598,299517834.3949044,3784076.433121019,4821656.050955414
194,299,0.0,387898.0891719745,387898.0891719745,667515.923566879,18021019.10828025,0.0,4407006.369426752,0.0,0.0,3069426.751592357,10932484.07643312,14001910.82802548,54492993.63057324,53902547.77070063,0.0,590445.8598726115
195,300,0.0,3626751.592356688,3626751.592356688,2156050.955414013,5075796.178343949,70063.69426751592,5203184.713375796,0.0,0.0,270700.6369426752,3228662.420382165,3499363.057324841,35661146.49681529,36680891.71974522,-2242038.21656051,-2078980.891719745
196,301,514100000.0,12348507643.3121,22568050318.47134,1213691719.745223,11759271974.52229,454140.127388535,-13226898726.11465,40793768152.86624,41360344585.98726,3300442675.159235,2308200636.942675,6193876433.121018,18722071974.52229,8623501273.88535,-9619969426.751593,9179625477.707006
197,304,0.0,63451592.3566879,70527388.53503184,2838796178.343949,9731593630.573248,70063.69426751592,2337645222.929936,0.0,682802.5477707007,0.0,7435157324.840764,7463792993.630573,1751343949.044586,1085454777.070064,3836885987.261147,430048407.6433121
198,305,889171.974522293,243346496.8152866,580265605.0955414,1264515923.566879,1607703821.656051,42387898.08917198,106600000.0,70949044.58598725,72429299.36305732,96923566.87898088,1862217197.452229,2008940127.388535,4172473885.350318,3944717197.452229,24670063.69426752,109221656.0509554
199,308,0.0,11597452.22929936,16213375.79617834,63591082.80254777,156651592.3566879,2738853.503184713,8714649.681528661,0.0,17197.45222929936,2371974.522292993,161761146.4968153,164133121.0191083,602131847.133758,529235031.8471338,7716560.50955414,10651592.3566879
200,310,0.0,8185987.261146496,463090445.8598726,10813244585.98726,18348796178.34395,6369426.751592357,949944585.987261,0.0,501163694.2675159,0.0,17348933757.96178,17360778343.94904,1775686624.203822,1658410828.025478,127580891.7197452,41857961.78343949
201,311,19745.22292993631,98147770.70063694,98250318.47133756,60568152.86624204,196246496.8152866,6369.426751592357,47996178.34394904,165200000.0,169611464.9681529,25754140.12738853,51135031.84713376,76889171.9745223,472959235.6687898,412422292.9936305,10957961.78343949,23191719.74522293
202,312,0.0,6929299.363057325,6929299.363057325,31417197.4522293,69910191.08280255,0.0,9218471.337579615,33536305.73248408,33536305.73248408,0.0,34084713.37579618,34084713.37579618,309647770.7006369,300299363.0573248,9289808.917197453,9348407.643312102
203,315,0.0,93452866.24203822,95027388.53503184,33408917.19745223,50915286.62420382,0.0,37601273.88535032,31210191.08280255,34577707.00636943,10828.02547770701,70361146.49681528,73763057.32484075,412925477.7070063,381234394.9044586,29949681.52866242,31691082.80254777
204,317,47770.70063694267,72254452866.24203,72935923566.87898,47211437579.61784,99766070700.63692,45136935668.78981,38121640764.33121,18425839490.44586,96407189808.9172,3267380254.77707,30308264331.21019,38173163694.26752,7045551592.356688,9300777070.063694,-2635292993.630573,-2255225477.707006
205,319,0.0,59568764968.15286,80483749044.58598,3583055414.012739,3660561783.43949,765624203.821656,7532617834.394904,72177409554.14012,72736613375.79617,0.0,3843758598.726114,3875078980.89172,1555308917.197452,503349044.5859873,753420382.1656051,1031959235.66879
206,321,0.0,0.0,0.0,0.0,0.0,0.0,0.0,0.0,0.0,0.0,0.0,0.0,0.0,0.0,0.0,0.0
207,322,0.0,11645222.9299363,11645222.9299363,46603184.71337579,170670063.6942675,0.0,65782802.5477707,13436305.73248408,22103184.7133758,30680254.77707006,63749044.58598725,94429299.36305732,430306369.4267516,404349044.5859873,0.0,25957324.84076433
208,332,0.0,352393630.5732484,356936305.732484,1012029299.363057,1516285350.318471,159235668.7898089,258184713.3757962,0.0,102685987.2611465,0.0,1512350955.414013,1512350955.414013,4690462420.382165,4642177707.00637,114307643.3121019,48284713.37579618
209,333,1550318.47133758,203885350.3184713,234519108.2802548,740986624.2038217,1764306369.426752,15923.56687898089,810903184.7133758,2133757.961783439,2133757.961783439,47993630.57324841,1120201910.828025,1185788535.031847,3309699363.057325,3197980254.77707,26812738.85350318,53495541.40127388
210,334,0.0,127335031.8471338,127335031.8471338,536160509.5541401,1252804458.598726,9904458.598726114,213191082.8025478,519957324.8407643,519957324.8407643,339717834.3949044,307273248.4076433,646991082.8025477,3118920382.165605,2985800636.942675,83724840.7643312,133119745.2229299
211,335,0.0,5887261.146496815,5887261.146496815,17087261.14649681,50712101.91082802,12656050.95541401,36601273.88535032,0.0,0.0,6001273.885350319,13996178.34394904,19997452.22929936,320712101.910828,282235668.7898089,3964331.210191083,3056687.898089172
212,336,0.0,10226751.59235669,10226751.59235669,100397452.2292994,176302547.7707006,6369.426751592357,43810828.02547771,1963694.267515924,1963694.267515924,91084713.37579615,48771337.57961784,140754777.0700637,542587261.1464968,509140127.388535,18465605.0955414,23342038.21656051
213,337,0.0,25584713.37579618,35492993.63057325,278764331.2101911,958446496.8152866,22280254.77707006,306114012.7388535,363707006.3694267,374179617.8343949,1168152.866242038,300819745.2229299,313645859.8726115,1169864968.152866,1068777070.063694,7668152.866242038,44544585.98726115
214,338,0.0,31631847.13375796,32157961.78343949,248408917.1974522,854498089.1719745,36311464.96815287,176769426.7515923,108280254.7770701,111743949.044586,217868789.8089172,380273885.3503184,598142675.1592356,1039845859.872611,918121019.1082802,10630573.24840764,46422929.93630573
215,339,9554.140127388537,176803821.656051,176813375.7961783,576035668.7898089,1149212738.853503,63694.26751592357,586956050.9554139,135777070.0636943,140038216.5605096,3184.713375796178,596603184.7133758,599031847.133758,5596631847.133758,5475844585.987261,55912738.85350318,52386624.20382165
216,341,0.0,484076.4331210191,484076.4331210191,8546496.815286623,21347770.70063694,25477.70700636943,9499363.05732484,3436305.732484076,3436305.732484076,2018471.337579618,6877707.006369427,8896178.343949044,98710828.0254777,92866242.03821656,1463694.267515924,2151592.356687898
217,342,0.0,30084076.43312102,30176433.12101911,125474522.2929936,430456687.8980892,7643.312101910828,33274522.29299363,95541401.27388534,95566242.03821656,89086624.20382166,242705732.4840764,331792356.6878981,1285012101.910828,1199978980.89172,3035668.789808917,10301910.82802548
218,345,0.0,25292356.68789809,25726114.64968153,22389171.97452229,102386624.2038217,1124840.76433121,70452866.24203822,0.0,380254.7770700637,10268152.86624204,41380254.77707006,57279617.8343949,360049044.5859873,284018471.3375796,13650955.41401274,25462420.3821656
219,351,47770.70063694267,111968152.866242,123460509.5541401,314286624.2038217,1321371974.522293,10828.02547770701,778024840.7643312,0.0,961783.4394904458,228125477.7070064,430663057.3248407,665846496.8152866,5513184076.433121,5173168789.808917,127711464.9681529,70812101.91082802
220,355,0.0,80891.71974522293,80891.71974522293,39579617.8343949,68585350.31847133,6369.426751592357,302547.7707006369,10747770.70063694,10747770.70063694,0.0,57615923.56687898,57615923.56687898,61998089.17197452,58057961.78343949,107006.3694267516,1049044.585987261
221,357,3648701273.88535,106060768789.8089,121290449044.586,50207041401.27388,54681338216.56051,4801266242.038217,120974372611.465,0.0,22932468152.86624,5732536942.675159,24143143949.04459,32064946496.81528,109230142038.2166,106115761783.4395,-3112827388.535032,499331847.1337579
222,359,0.0,18232484.07643312,22998726.11464968,48032484.07643312,234278343.9490446,636942.6751592356,202661783.4394904,0.0,117834.3949044586,28980891.71974522,25108917.19745223,54497452.22929936,812573248.4076433,725620382.1656051,59600636.94267516,63128662.42038216
223,361,0.0,916384713.3757962,1009381528.66242,5148418471.33758,5977040127.388535,594510191.0828025,-2068685350.318471,70063694.26751593,71494267.51592356,2720976433.121019,6117276433.121018,8983612738.853502,1478496815.286624,1317905095.541401,-286245859.8726115,160591719.7452229
224,364,0.0,2460258598.726115,6295665605.095541,13027284713.3758,21702502547.7707,6369426.751592357,11700764331.21019,0.0,2850202547.7707,9756050.955414012,13319710191.0828,13447201273.88535,31383682165.60509,25926459872.61147,5474307643.312101,4882014649.681528
225,365,0.0,2934865605.095541,3971512101.910828,12342687261.1465,14859456687.89809,71678343.94904459,12853970700.63694,5152477070.063694,5694436305.732484,3357961.78343949,201275159.2356688,282561783.4394904,4506777707.00637,1426912738.853503,1679103184.713376,2405801910.828025
226,367,14649.68152866242,12991082.80254777,13008917.19745223,433408280.2547771,687613375.7961783,211641401.2738853,286835668.7898089,0.0,603821.6560509554,9123566.878980892,400047770.7006369,413182802.5477707,3384045222.929936,3113338853.503185,35585987.26114649,89220382.1656051
227,370,24840.76433121019,21057324.84076433,26046496.81528662,210264331.2101911,323675159.2356688,3190445.859872611,19874522.29299363,191082.8025477707,10344585.98726115,15768152.86624204,303733757.9617834,319502547.7707006,274650318.4713376,230026114.6496815,-9719108.280254778,886624.2038216561
228,371,36305.73248407643,32378343.94904459,32414649.68152866,124997452.2292994,259253503.1847134,7643.312101910828,187606369.4267516,0.0,0.0,38883439.49044586,65178343.94904459,104061783.4394904,924819108.2802548,705426114.6496814,66426751.59235668,64321019.10828025
229,372,0.0,3202547.770700637,3203821.656050955,4896815.286624203,17164331.21019108,6369.426751592357,5845859.872611465,0.0,316560.5095541401,9492356.687898088,4713375.796178344,14205732.48407643,70947770.70063694,56805095.54140127,4542038.216560509,5624203.821656051
230,374,63057.32484076433,93894267.51592356,95315923.56687896,48549681.52866242,101623566.8789809,6369.426751592357,148911464.9681529,0.0,2611464.968152866,0.0,45415923.56687898,45415923.56687898,284610828.0254777,223620382.1656051,18798726.11464968,19350318.47133758
231,375,91113375.79617834,5712257324.840764,10329265605.09554,2507270700.636942,10624228025.47771,937292993.6305732,12232058598.72611,0.0,1665299363.057325,0.0,6630837579.617834,7056135668.789808,19984744585.98726,7443649681.528662,10891143949.04459,10911079617.83439
232,377,0.0,403038853.5031847,410113375.7961783,687172611.4649681,1585198089.171974,63694.26751592357,265015923.566879,310958598.7261146,310958598.7261146,69949044.58598725,1348826114.649682,1419336942.675159,6029010191.082803,5777873885.350318,30853503.18471337,46556687.89808917
233,379,0.0,6342038.216560509,6640764.33121019,13951592.3566879,28411464.96815287,63694.26751592357,14050318.47133758,138216.5605095541,138216.5605095541,2691719.74522293,18171974.52229299,20863694.26751592,135015923.566879,134878980.8917197,-402547.7707006369,136942.6751592357
234,381,0.0,60015923.56687898,60998726.11464968,12510828.02547771,76329299.36305732,3121019.108280255,43794267.51592357,23361146.49681529,23361146.49681529,7006.369426751592,69045859.87261146,70172611.46496814,321442675.1592357,284078980.8917198,10912101.91082802,16931210.1910828
235,382,0.0,5741401.27388535,5780254.777070063,86424840.7643312,204396178.343949,7643.312101910828,56008917.19745222,0.0,567515.923566879,80427388.53503184,72738216.56050955,153600000.0,306762420.3821656,305323566.8789809,10682165.60509554,-10956050.95541401
236,384,1310828.025477707,44934394.9044586,46443949.04458599,549003821.6560509,944580891.7197452,6369426.751592357,245794904.4585987,0.0,1617197.452229299,0.0,743612738.8535031,743612738.8535031,2770319108.280255,2575832484.076433,12566242.03821656,25681528.66242038
237,385,264968.152866242,4050318.47133758,5311464.968152866,11038216.56050955,36068789.80891719,25477.70700636943,4587898.089171974,4798726.114649681,4798726.114649681,3828025.477707006,28165605.0955414,31993630.57324841,209140764.3312102,168160509.5541401,6102547.770700636,7033757.961783439
238,386,0.0,1459872.611464968,1459872.611464968,5240127.388535032,21963057.32484076,0.0,7243949.044585987,0.0,0.0,5726751.592356687,10452229.29936306,16178980.89171975,94300636.94267516,92463057.32484075,724203.821656051,1837579.617834395
239,387,0.0,31906369.42675159,31906369.42675159,22594904.45859873,40092356.68789808,12738.85350318471,22876433.12101911,35785987.26114649,35785987.26114649,573248.4076433121,12763694.26751592,13336942.67515923,160650955.4140127,144375159.2356688,3252229.299363057,3249044.585987261
240,389,0.0,1147133.757961783,1147133.757961783,29780891.71974522,40833121.01910828,0.0,5882802.5477707,8666878.98089172,9780891.719745222,4957324.840764331,21359235.66878981,26316560.50955414,223587261.1464968,220378343.9490446,2343949.044585987,3208917.197452229
241,390,0.0,25308917.19745223,32792993.63057325,46719108.28025477,114849044.5859873,5095.541401273885,34265605.0955414,6436305.732484076,6436305.732484076,0.0,106940127.388535,106940127.388535,206498726.1146497,199394904.4585987,6140764.33121019,7103821.656050955
242,391,0.0,146106369.4267516,146317834.3949045,89571974.52229299,295944585.9872611,38216560.50955414,110315286.6242038,2915923.566878981,90065605.0955414,119107643.3121019,122773248.4076433,241880891.7197452,862524840.7643312,671357961.7834395,15330573.24840764,19438853.50318471
243,392,19677707.00636943,57533121.01910828,78611464.96815287,123271337.5796178,293158598.7261146,4970700.636942675,93205732.48407644,0.0,1595541.401273885,206719745.2229299,70249044.58598725,276968789.8089172,1141091719.745223,1020819745.22293,26091719.74522293,57919108.28025477
244,400,40127.38853503185,1091626751.592357,1104475159.235669,107406369.4267516,1336152866.242038,86273885.35031846,576018471.3375796,657763694.2675159,733590445.8598726,0.0,1055854777.070064,1131019108.280255,2261407006.369427,1994111464.968153,53289808.91719745,114927388.5350318
245,401,636.9426751592356,470348407.6433121,484185350.3184713,5393995541.401274,6905472611.464968,1873885.350318471,381092993.6305732,122615286.6242038,383616560.5095541,127944585.9872611,6436675159.235668,6624948407.643312,3886661146.496815,3336728025.477707,62700000.0,431875796.178344
246,402,0.0,584713.3757961784,584713.3757961784,10638853.50318471,25496178.34394904,0.0,18113375.79617834,0.0,0.0,2305732.484076433,5661783.439490446,7967515.923566879,93543949.044586,92880891.71974522,352866.2420382166,663057.3248407643
247,403,118471.3375796178,15385987.2611465,15504458.59872611,10814012.7388535,42987898.08917198,6369.426751592357,15915923.56687898,37723566.87898089,37723566.87898089,775796.178343949,4077070.063694268,4852866.242038216,269291719.7452229,256682165.6050955,2576433.121019108,2803184.713375796
248,404,0.0,239901910.8280255,242264968.1528662,809415286.6242038,1121878343.949044,640127.3885350318,191190445.8598726,0.0,9554.140127388537,426449681.5286624,739839490.4458598,1172943312.101911,3279749681.528662,2956620382.165605,120715286.6242038,133868789.8089172
249,406,0.0,20202547.77070064,20202547.77070064,7826114.649681528,204594267.5159236,6369.426751592357,129373885.3503185,28991719.74522293,29017197.4522293,12381528.66242038,54023566.87898089,66405095.54140127,552895541.4012738,476771974.522293,44629299.36305732,45850955.41401274
250,409,0.0,60560509.55414013,60560509.55414013,119266242.0382166,212471974.522293,1592356.687898089,157464331.2101911,0.0,0.0,0.0,115568152.866242,115568152.866242,606450955.4140127,520421019.1082802,97973248.4076433,86029936.30573247
251,410,0.0,1501273.885350318,1501273.885350318,2714012.738853503,10731847.13375796,6369.426751592357,11059235.66878981,0.0,12101.91082802548,828025.4777070064,333757.9617834395,1161783.439490446,39541401.27388535,31012738.85350318,1513375.796178344,1587898.089171974
252,412,39961146.49681529,1522063694.267516,2507298726.11465,6791634394.904458,11212429936.30573,544114012.7388535,2040918471.337579,0.0,1523977707.006369,0.0,9364028662.420382,10154832484.07643,4208788535.031847,3171461146.496815,604240127.388535,710263694.2675159
253,413,370063.6942675159,883425477.7070063,2526487261.146497,24273637579.61783,35624659872.61147,1821656.050955414,2668912738.853503,1315210828.025478,1849743949.044586,9310786624.20382,23865132484.07643,33632490445.85987,33794053503.18471,32772647133.75796,31230573.24840764,-172945222.9299363
254,414,0.0,0.0,0.0,0.0,0.0,0.0,0.0,0.0,0.0,0.0,0.0,0.0,0.0,0.0,0.0,0.0
255,415,0.0,950318.4713375797,2780891.719745223,137345222.9299363,249828025.477707,6369.426751592357,196059235.6687898,0.0,176433.1210191083,0.0,54072611.46496815,56373248.40764331,1261279617.834395,1129417834.394904,51273885.35031847,53720382.16560509
256,418,0.0,4524203.821656051,4524203.821656051,1617197.452229299,14173248.40764331,0.0,7515923.566878981,4291719.74522293,4291719.74522293,15923.56687898089,6714649.681528662,6889808.917197452,49473885.35031847,49340764.33121019,1062420.382165605,133121.0191082802
257,420,0.0,4382165.605095541,4382165.605095541,16227388.53503185,65066242.03821656,6369.426751592357,5590445.859872611,12504458.59872611,12504458.59872611,0.0,51353503.18471337,51353503.18471337,93242038.21656051,79735031.84713376,836305.7324840764,2086624.203821656
258,421,2547.770700636942,2283439.49044586,3015923.566878981,140727388.5350319,156536942.6751592,5095.541401273885,149833757.9617834,0.0,75159.2356687898,0.0,6756687.898089171,9643949.044585986,194715923.566879,180328025.477707,13610191.08280255,13386624.20382166
259,423,0.0,1205245859.872612,1215504458.598726,87363057.32484075,901059235.6687896,636942675.1592356,1315837579.617834,750873248.4076433,751090445.8598726,0.0,43963694.26751592,49635031.84713376,581123566.8789809,575047133.7579618,-222021656.0509554,-9158598.72611465
260,424,0.0,2416991719.745223,2418266242.038217,2817606369.426752,3555416560.509554,326114649.6815286,868582802.5477706,750580891.7197452,803908917.1974522,447002547.7707006,3854188535.031847,4301191082.802547,14503341401.27389,13850901273.88535,197578343.9490446,591966242.0382166
261,427,0.0,156556687.8980892,190944585.9872611,41754777.0700637,129149044.5859873,17673885.35031847,69864331.21019109,143777070.0636943,149550318.4713376,17294904.45859873,78262420.3821656,100678980.8917197,376805095.5414013,290026114.6496815,7464331.210191082,18603821.65605095
262,430,0.0,97573248.4076433,105607643.3121019,118647133.7579618,618533121.0191083,1239490.445859873,81016560.50955413,0.0,24334394.9044586,174959872.6114649,443829936.3057325,618789808.9171975,713528662.4203821,711415923.5668789,5895541.401273885,2106369.426751592
263,431,0.0,25728025.47770701,25728025.47770701,40886624.20382165,112014012.7388535,127388.5350318471,35444585.98726115,0.0,0.0,843949.0445859872,101453503.1847134,102297452.2292994,453022929.9363057,317771337.5796178,18552229.29936306,21535668.78980892
264,432,1145222.929936306,37532484.07643312,44701273.88535032,219294904.4585987,377575159.2356688,6369.426751592357,70371974.52229299,114649681.5286624,123555414.0127389,9937579.617834397,140401910.8280255,228349044.5859872,778512738.8535031,614664331.210191,33879617.8343949,30607006.36942675
265,433,0.0,13858598.72611465,13858598.72611465,877359235.6687897,1178007643.312102,63694.26751592357,569685350.3184713,0.0,0.0,150318.4713375796,622030573.2484076,622180891.7197452,2494428025.477707,2068369426.751592,321475796.178344,250552866.2420382
266,434,0.0,530668789.8089172,578085987.2611464,69199363.05732484,228242675.1592357,3821656.050955414,742791082.8025477,0.0,6916560.50955414,12949681.52866242,39005095.54140127,56621019.10828025,556728025.477707,393552866.2420382,131872611.4649681,135323566.8789809
267,437,0.0,600636.9426751592,603184.7133757961,13796178.34394904,142495541.4012739,191082.8025477707,62761146.49681529,0.0,384076.4331210191,19007006.36942675,60945859.87261146,79952866.24203822,251659872.6114649,227812101.910828,4479617.834394904,6071974.522292993
268,438,0.0,2355414.012738853,2355414.012738853,16971974.52229299,68251592.35668789,0.0,22301273.88535032,2999363.057324841,3008917.197452229,127388.5350318471,45169426.75159235,45296815.2866242,55969426.75159235,47702547.77070063,12084713.37579618,8266878.980891719
269,439,0.0,22909554.14012739,22970700.63694267,73801273.88535032,200122292.9936306,0.0,35038216.56050956,141622929.9363057,151704458.5987261,3821.656050955414,36347133.75796178,36350955.41401274,565964968.1528662,562965605.0955414,3163057.324840764,2999363.057324841
270,441,879399363.0573248,40409223566.87898,63079342038.21656,34325700000.0,40260000000.0,10170063.69426752,94951121019.10828,0.0,2388113375.796178,1808199363.057325,3655468152.866242,6000107643.312101,38126110191.0828,12583184076.43312,19492629936.30573,21984331847.13376
271,444,1352229.299363057,170411464.9681529,197343949.044586,60203821.65605095,276321019.1082802,3375796.178343949,-96717197.45222928,483942038.2165605,484284713.3757961,598089.1719745223,76733757.96178344,86097452.22929937,719210191.0828025,491021019.1082802,-74436942.67515923,55678343.94904459
272,445,0.0,273318471.3375796,279794904.4585987,554398089.1719745,953470700.6369426,127388.5350318471,404837579.6178344,110191.0828025478,25094267.51592357,402770063.6942675,378546496.8152866,803334394.9044585,1740530573.248408,1338171337.579618,251882165.6050955,226524203.821656
273,447,0.0,6259235.668789809,6280254.777070063,5437579.617834395,19430573.24840764,0.0,5122929.936305732,10088535.03184713,10312738.85350318,7777070.063694268,2498089.171974522,10275159.23566879,53327388.53503185,51674522.29299363,821019.1082802548,1652866.242038216
274,448,38853.50318471337,454218471.3375796,471324840.7643312,1631052866.242038,3932350318.471337,318471.3375796178,1804331210.191083,0.0,50272611.46496815,411851592.3566879,2102069426.751592,2549071337.579618,8379533757.961783,6403919745.22293,382771974.522293,816778343.9490446
275,451,36305.73248407643,8687261.146496816,10038853.50318471,84527388.53503184,179074522.2929936,6369.426751592357,158202547.7707006,0.0,51592.35668789809,0.0,29663694.26751592,30859872.61146497,425058598.7261146,301804458.5987261,63337579.61783439,64617834.39490446
276,452,27388.53503184713,3098726.114649681,3126751.592356688,68701273.88535032,137438853.5031847,6369.426751592357,10861783.43949044,61146.49681528662,1126114.649681529,397452.229299363,128179617.8343949,128577070.0636943,491715923.566879,458620382.1656051,6725477.707006369,5870063.694267516
277,453,0.0,1867708917.197452,1869365605.095541,165394904.4585987,1002133121.019108,289490445.8598726,826981528.6624204,1700318471.337579,1701262420.382165,158084713.3757962,173392993.6305732,343254777.0700637,1104342675.159236,903342038.2165604,-137502547.7707006,25380254.77707006
278,454,0.0,5267515.923566879,440672611.4649681,254602547.7707006,298610828.0254777,2229299.363057325,478856687.8980892,0.0,0.0,0.0,260426751.5923567,260426751.5923567,4084478343.949044,3572818471.337579,473007006.3694267,473079617.8343949
279,455,0.0,340681401273.8853,353834789171.9745,8240908280.254777,11723839490.44586,10175738853.50318,88591431847.13376,261021749681.5287,263170107006.3694,0.0,13674061146.49681,13797089808.9172,0.0,0.0,-36893397452.2293,0.0
280,457,0.0,17289808.91719745,17289808.91719745,12922292.99363057,20884076.43312102,0.0,2100636.942675159,15178343.94904459,15470063.69426752,0.0,20603821.65605095,20603821.65605095,222457324.8407643,221449044.5859872,826751.5923566879,1008280.25477707
281,458,0.0,2898464331.210191,3238336942.675159,5106519745.22293,12399452866.24204,392212101.910828,2399535031.847134,0.0,318809554.1401274,1923566878.980892,10500282165.60509,12919445222.92994,20005824203.82166,19356125477.707,55602547.77070063,274677707.0063694
282,459,0.0,1466878.98089172,1466878.98089172,91022929.93630572,148889171.9745223,6369.426751592357,11740764.33121019,0.0,956687.898089172,61424203.82165605,72367515.92356688,137658598.7261146,272057961.7834395,249163694.2675159,5809554.140127389,6429936.305732484
283,460,0.0,6793630.573248408,6793630.573248408,30924203.82165605,65041401.27388535,0.0,7109554.140127388,0.0,1512101.910828025,44585987.26114649,18627388.53503185,63213375.79617834,442321656.0509554,435077707.0063694,4183439.49044586,7243949.044585987
284,461,104458.5987261147,10704458.59872611,10808917.19745223,11603184.7133758,56222292.99363057,6369.426751592357,17915286.62420382,0.0,2164331.210191083,0.0,46951592.3566879,46951592.3566879,292616560.5095541,237659872.6114649,33742038.21656051,30255414.01273885
285,465,0.0,1014649.681528662,1014649.681528662,2859872.611464968,18636942.67515923,6369.426751592357,4631847.133757962,5254777.070063694,5254777.070063694,0.0,9764968.152866242,9764968.152866242,53215923.56687898,45891082.80254777,2745859.872611465,4526751.592356687
286,466,0.0,3073885.350318471,3081528.662420382,16094267.51592357,23378980.89171974,0.0,5561783.439490446,6209554.140127388,6242038.216560509,2351592.356687898,12305732.48407643,14657324.84076433,64406369.42675159,62493630.57324841,792356.6878980892,1912738.853503185
287,467,0.0,62420.38216560509,104458.5987261147,13821019.10828025,19715286.62420382,6369.426751592357,3589808.917197452,797452.229299363,797452.229299363,0.0,15433121.01910828,15433121.01910828,79673248.4076433,63248407.6433121,2901273.885350318,4180891.719745223
288,468,0.0,9552229.299363056,9552229.299363056,11084076.43312102,14898089.17197452,6369.426751592357,9589808.917197453,0.0,5355414.012738854,12738.85350318471,9491719.74522293,9504458.598726114,137871337.5796178,123209554.1401274,6543312.101910828,5357961.78343949
289,469,0.0,452866.2420382166,452866.2420382166,21919108.28025478,47245859.87261146,0.0,3001273.885350318,8257961.78343949,8257961.78343949,0.0,36439490.44585987,36439490.44585987,280147770.7006369,290249044.5859873,2192993.630573248,-10101273.88535032
290,470,1636544585.987261,37287607643.3121,39529255414.01274,6815079617.834394,10955790445.85987,640342038.2165605,20333793630.57325,0.0,1117438216.560509,12567169426.75159,15948404458.59873,29033814012.73885,25201396178.34395,21257133121.01911,2713152229.299363,2728396178.343949
291,471,0.0,7856050.955414012,7856050.955414012,22030573.24840764,89101910.82802548,6369.426751592357,46119745.22292993,0.0,0.0,0.0,50838216.56050956,50838216.56050956,709873885.3503184,555521656.0509554,128672611.4649681,128019745.2229299
292,473,0.0,158375159.2356688,163478343.9490446,16334947770.70064,29033553503.18471,4713375.796178344,1851708917.197452,0.0,63972611.46496815,1624544585.987261,25656805732.48407,27281350318.47134,28119503184.71338,25058405732.48407,988203821.6560508,1811054777.070064
293,477,0.0,22320382.16560509,22336305.73248408,37251592.3566879,56915286.62420382,63694.26751592357,7155414.012738853,16064331.21019108,16064331.21019108,-401273.8853503185,55664968.15286624,56031847.13375796,9181528.662420385,3648407.643312102,-9984076.433121018,1692356.687898089
294,478,57324.84076433121,359686624.2038217,384756050.955414,251838216.5605095,866913375.7961783,10191.08280254777,419053503.1847134,509554140.1273885,511240127.388535,0.0,315897452.2292994,321375796.178344,2788091082.802547,2354508917.197452,63820382.16560509,102650955.4140127
295,481,0.0,306369.4267515924,1976285987.261146,370554140.1273885,518273248.4076433,6369.426751592357,43587898.08917198,1500636942.675159,1581571337.579618,473885350.3184713,391526114.6496815,869400000.0,3688662420.382165,3483531210.191082,8213375.796178344,124133757.9617834
296,482,0.0,14025477.70700637,14041401.27388535,496765605.0955414,880619745.22293,32484076.43312102,597638216.5605096,49274522.29299363,53438216.56050956,0.0,243584713.3757962,243584713.3757962,2692879617.834395,2416539490.44586,34038853.50318471,160901910.8280255
297,483,0.0,7550955.414012739,7550955.414012739,36138853.50318471,59644585.98726115,0.0,8517834.394904459,0.0,4438853.503184713,442038.2165605095,53796815.2866242,54238853.50318471,131887261.1464968,130528662.4203822,1177707.006369427,1358598.72611465
298,485,0.0,217197.4522292993,721019.1082802548,87349044.58598725,196538216.5605095,6369.426751592357,1059872.611464968,73549681.52866241,73582802.5477707,10483439.49044586,112133121.0191083,122616560.5095541,230633121.0191083,205343312.1019108,378343.949044586,11531210.1910828
299,488,0.0,0.0,0.0,0.0,0.0,0.0,0.0,0.0,0.0,0.0,0.0,0.0,0.0,0.0,0.0,0.0
300,489,2385987.261146497,46342038.21656051,54977070.06369427,363191082.8025478,486468152.866242,31847133.75796178,168826114.6496815,0.0,5473885.350318471,0.0,270800636.9426752,367145222.9299363,1979538853.503185,1713019745.22293,254517834.3949044,260880254.77707
301,494,0.0,31363694.26751592,33089171.97452229,162523566.8789809,442873885.3503184,6369.426751592357,-152229.2993630573,0.0,2431210.191082803,101315286.6242038,372369426.7515923,473684713.3757961,869807643.3121018,825483439.4904459,1995541.401273885,-46517834.39490446
302,496,0.0,14472611.46496815,14472611.46496815,9671974.522292994,14376433.12101911,0.0,16836305.73248408,2058598.72611465,2058598.72611465,3364968.152866242,6589171.974522293,9954140.127388537,107973248.4076433,93252866.24203822,14650318.47133758,14720382.16560509
303,497,0.0,2081528.662420382,2081528.662420382,37026114.64968153,57066242.03821656,0.0,31155414.01273885,0.0,0.0,549681.5286624203,27442038.21656051,27991719.74522293,156153503.1847134,138836942.6751592,0.0,17316560.50955414
304,499,0.0,1974673885.350318,3605808280.254777,141647770.7006369,493984713.3757961,2133757961.783439,1152359235.66879,2256883439.490446,2821590445.859872,0.0,124941401.2738853,125843312.1019108,262987261.1464968,395252229.299363,-214685350.3184713,-155790445.8598726
305,500,125663694.2675159,2630314649.681529,3091200636.942675,457100636.9426751,1509117197.452229,573248407.6433121,3708375796.178344,0.0,546765605.0955414,0.0,341987898.0891719,345175796.178344,2409338853.503185,898570700.6369426,1258000000.0,1166308917.197452
306,502,133757.9617834395,9550255414.01274,15112379617.83439,811608280.2547771,1944866242.038217,10828.02547770701,1096794267.515924,14911933757.96178,15052597452.2293,17484076.43312102,870690445.8598726,907854140.1273884,1290525477.707006,1371458598.726115,-720812101.910828,-249008280.2547771
307,503,320138216.5605096,106722292.9936306,430190445.8598726,856703821.6560509,1822234394.904459,12738.85350318471,867213375.7961783,0.0,2185987.261146497,680037579.6178343,666610828.0254776,1383024840.764331,3688731210.191082,2255649681.528662,225880254.77707,417936305.732484
308,504,0.0,65194267.51592357,65194267.51592357,595538216.5605096,1037580891.719745,6369.426751592357,286240127.388535,0.0,45461146.49681529,0.0,768438853.5031847,771073248.4076433,3938829299.363057,3781258598.726114,143752229.299363,157570700.6369427
309,505,0.0,58040127.38853503,58040127.38853503,591359235.6687897,997266242.0382164,6369.426751592357,245683439.4904459,0.0,75796.17834394904,0.0,806754140.1273885,809547770.7006369,3343198726.11465,3188198089.171974,156912101.910828,155000636.9426751
310,506,0.0,1836942.675159235,8800636.942675158,8928662.420382164,64044585.98726115,636942.6751592356,11917834.39490446,8980891.719745222,9015286.624203822,4259872.611464968,47578343.94904459,51912101.91082802,778242038.2165605,762082165.6050955,7778980.891719745,10839490.44585987
311,507,0.0,0.0,0.0,14417834.39490446,235873885.3503185,6369.426751592357,7463694.267515923,0.0,0.0,18525477.70700637,209884713.3757962,228410191.0828025,291500636.9426752,271274522.2929936,1626751.592356688,2624203.821656051
312,508,124203.8216560509,159227388.5350319,164338853.5031847,98789808.91719744,186470063.6942675,3184713.375796178,15143312.10191083,214968152.866242,215084076.433121,12223566.87898089,108357961.7834395,120581528.6624204,341468152.8662421,263243312.1019108,-15970700.63694268,-9494904.458598724
313,511,17115923.56687898,146089808.9171974,382780254.77707,6157075159.235668,8005764968.152866,63694.26751592357,457798089.1719745,0.0,4931391082.802547,0.0,1783840764.33121,2999356687.898089,3139102547.7707,2708180891.719745,119610191.0828025,93727388.53503184
314,513,178343.949044586,19326751.59235669,21070700.63694267,172468152.866242,587824203.821656,127394904.4585987,229652866.2420382,0.0,107643.3121019108,63980891.71974522,311218471.3375796,379135031.8471338,2150491082.802547,2080673248.407643,48604458.59872612,17230573.24840764
315,514,0.0,8498726.114649681,8843949.044585986,366485987.2611465,454124203.821656,6369.426751592357,4161783.439490446,223566878.9808917,223566878.9808917,18091719.74522293,207185987.2611465,235239490.4458598,1377973885.350318,1289526114.649682,2607006.369426752,5007006.369426752
316,515,0.0,19392993.63057325,270373885.3503184,289053503.1847134,455054140.1273885,19108.28025477707,518203184.7133757,0.0,0.0,0.0,201575159.2356688,207224840.7643312,879731847.133758,556928662.4203821,358156687.8980892,290494904.4585987
317,516,0.0,433116560.5095541,438107006.3694267,12401273.88535032,124578980.8917197,24394904.45859873,215198726.1146497,343949044.5859873,343994267.5159236,1992993.630573248,1170063.694267516,3492993.630573248,138157324.8407643,195834394.9044586,-168485987.2611465,-90491082.80254775
318,519,0.0,1008917.197452229,1008917.197452229,13432484.07643312,113491719.7452229,0.0,6280254.777070063,13907006.36942675,13907006.36942675,3073248.407643312,91240127.38853502,94313375.79617834,112234394.9044586,107609554.1401274,3303184.713375796,4624840.76433121
319,520,0.0,23177332484.07643,24557633757.96178,995194904.4585989,1119075159.235669,20957961783.43949,20678185350.31847,0.0,54875796.17834394,0.0,4931035031.847134,4943647770.700637,0.0,0.0,-116757961.7834395,0.0
320,522,0.0,15686624.20382166,15872611.46496815,63279617.8343949,131066878.9808917,0.0,11801273.88535032,0.0,0.0,0.0,134908280.2547771,135138216.5605096,368919108.2802548,362431210.1910828,4008280.25477707,6487898.089171974
321,523,0.0,0.0,0.0,0.0,0.0,0.0,0.0,0.0,0.0,0.0,0.0,0.0,0.0,0.0,0.0,0.0
322,525,0.0,6795541.401273885,6795541.401273885,25291719.74522293,42541401.27388535,12738.85350318471,4296815.286624203,894904.4585987261,2063694.267515924,80254.77707006369,42896178.34394904,42976433.12101911,33999363.05732484,24531847.13375796,4284076.433121019,8932484.07643312
323,527,6369.426751592357,80523566.87898089,94526114.64968152,59410191.08280255,368010191.0828025,240643312.1019108,354333121.0191083,0.0,163057.3248407643,0.0,93568789.8089172,108040127.388535,994410828.0254776,844820382.1656051,28351592.3566879,26442038.21656051
324,528,880254.7770700636,2709879617.834395,18117602547.7707,29885529299.36306,87097533757.96178,25165605.0955414,10576385987.26115,12738853503.18471,22066085350.31847,36290653503.18472,35163812101.91083,72572664968.15286,12615396178.34395,12394487898.08917,-938836942.6751592,-748519745.22293
